name,address,phone,website,copyright_year,response_time
Dr Lahlali Nawal (طبيب أسنان),"Lotissement karima, 2 Av. Nigeria, Tanger 90000, Morocco",+212 5393-83460,www.dentistetanger.ma,null,0.285s
Tangier City Dental Center | Dr. Adil ABBASSAT,"ancien Tribunal de Première Instance, 2ème étage, N° 4 en face de la porte de l, 13 Av. Omar Ibn Al Khattab, Tanger 90000, Morocco",+212 5394-21212,NONE,undefined,undefined
Dr Mahtal Rida,"1ére étage, app.2, 72 immeuble FARAJ, Avenue de la Résistance, Tanger, tange, Tanger 90000, Morocco",+212 531-149840,centredentairelaresistancedrmahtalrida.business.site,null,0.263s
Cabinet dentaire Dr. Walid Tadlaoui (Dentiste),"Appt. 4, Au-dessus Umnia Bank, 11, Lot. Nahda, Rue 31, Tangier 90070, Morocco",+212 5399-55578,NONE,undefined,undefined
Cabinet dentaire Dr FASSI FIHRI Saad,"1er étage, Clinique Dentaire Alfihri Bureaux Shiraz, 31 Rue Mohamed Abdou، Tangier, Morocco",+212 660-000856,NONE,undefined,undefined
Dr Laouad Aiman (Cabinet),"27 Rue Al Mansour Eddahbi, Tanger 90000, Morocco",+212 5393-24709,docteur-chirurgien-dentiste-laouad-aiman.business.site,null,0.271s
Centre Dentaire Dr Kabil Fatima Ezzahra,"1er étage, 17,Boulevard Abi Zaraa L.sanae 3 Lt160, Tanger 90000, Morocco",+212 5394-27127,NONE,undefined,undefined
"Centre dentaire Arsalane ,Dr Arsalane Samir","etage étage n 44, Résidence Sky Center, 42 Rue ibn Khatab, Tangier 90000, Morocco",+212 5399-44533,samirarsalane.com,5399,0.9s
Kindi Cabinet Dentaire Tanger | Dr. Bouhouch Mohamed,"5ème étage, N 53, immeuble les lumières, 2 Rue Al Kindy, Tanger 90010, Morocco",+212 5393-42300,instagram.com,null,0.605s
Centre Dentaire Semlali - Tanger.,"2éme étage app 24, 41 Bd Pasteur, Tanger 90000, Morocco",+212 5399-34667,NONE,undefined,undefined
Clinique Dentaire Elite,"Pl. Brahim Roudani, Tanger 90060, Morocco",+212 5393-25596,NONE,undefined,undefined
Dr. Imane El Messari,"App N° 3, 34 Av. Hassan II, Tanger, Morocco",+212 5393-75554,www.facebook.com,2023,0.374s
Cabinet de Pédodontie Dr. Siham Bekkali,"15,Résidence Ibtissam Rue Abou Daoud Dahiri, RDEL GRECO, Tanger, Morocco",+212 664-330800,cabinet-de-pedodontie-dr-siham.business.site,null,0.374s
Cabinet Dr. Hidaya Amrani,"Avenue Abou Elkacem Acharif sebti 2ème étage Rue 120 Nº13, Tanger 90000, Morocco",+212 5393-11467,cabinet-dentaire-casabarata-dr-hidaya.business.site,null,0.462s
Dr. Kharraz Souhail,"14 Bd Pasteur, Tanger 90000, Morocco",+212 5393-74258,NONE,undefined,undefined
Docteur Sofia harriz,"2, Rue Jordanie, résidence Yamna, Tanger 90000, Morocco",+212 5393-23735,NONE,undefined,undefined
Elhadri Abdelmalek (Dentiste),"7, Rue De Mexique, 2°Ét., 90000, Tanger, Tanger 90000, Morocco",+212 5399-47777,NONE,undefined,undefined
Dr. Bensaha Tarik,"Q59W+W3J, S701, Tanger 90060, Morocco",+212 5399-46753,NONE,undefined,undefined
Doctor Surgeon Dentist Meliji Omar (Cabinet),"170 Rue Fes Administratif, Tanger 90000, Morocco",+212 5399-40633,NONE,undefined,undefined
Centre Dentaire Tanger Boulevard ( Dr. El Gambouri Fadoua),"Rue Zerktouni, Tanger, Morocco",+212 5399-41781,NONE,undefined,undefined
Elboukhari Elkhamlichi Ikram,"Bd Prince Heritier, Resid. Dar Elfarah 1°Et. Appt Tanger, Tanger-Tétouan, Tanger 90000, Morocco",+212 700-141823,NONE,undefined,undefined
Dr DAHDOUH Mounir,"111, Avenue Prince Héritier, Immeuble Le Soleil, 2 éme étage N 6, Tanger 90020, Morocco",+212 5393-24409,NONE,undefined,undefined
Esthetica Polyclinique Medico,"Av. Moulay El Arbi El Alaoui, Tanger 90060, Morocco",+212 5393-00230,NONE,undefined,undefined
Atlantic Dental Clinic,"Rue Phéniciens, Tanger, Morocco",+212 5399-40733,atlantic-dentalclinic.business.site,null,0.316s
Dr. Lotfi Lazrak. Centre dentaire Dentilaz.,"92 Av. Sidi Mohamed Ben Abdellah, Tanger, Morocco",+212 5393-70707,dentiste-lazrak.com,null,0.335s
Dr Kaidi Abdelouahab - Dentiste,"Res Al Baraka, 22A Avenue Al Finniquiyne, Tanger 90000, Morocco",+212 520-191927,NONE,undefined,undefined
Docteur Chirurgien Dentiste Lefriyekh Nabil,"Rue El Youssoufia, Tanger 90000, Morocco",+212 5393-20205,NONE,undefined,undefined
Docteur Chirurgien Dentiste Filali Meknassi (Brahim),"Cabinet 53, Av. Prince Moulay Abdellah, Tanger 90000, Morocco",+212 5393-22039,NONE,undefined,undefined
Dr. Chaimaa Badrour,"Av. Haroun Er Rachid, Tanger 90060, Morocco",+212 5393-34036,dr-chaimaa-badrour.business.site,null,0.309s
Ghajouan Saïd (Dentiste),"Av. Fayçal Ibn Abdelaziz, Tanger 90000, Morocco",+212 5393-18742,NONE,undefined,undefined
Dr Asma Ould Ben Azzouz,"Avenue Bir Anzarane 03 Resid Abdelmounim, Tanger 90060, Morocco",+212 5399-47030,NONE,undefined,undefined
CLINIQUE DENTAIRE TINGIS,"1 Av. Abou Bakr Errazi, Tanger 90040, Morocco",+212 5393-25325,cliniquedentairetingis.com,2022,0.654s
Centre Dentaire Agdal Dr.Tazi Omar || Tanger,"N’2, Appt N’61, a côté de la banque du Maroc, Résidence Mas Palomas, Av. Omar Ibn Al Khattab, Tanger 90000, Morocco",+212 5393-41196,centredentaireagdal.ma,2023,4.915s
Dentiste Dr Hajar Sabounji,"Rue 30, N2 Résidence Inass Lotissement Nahda Etage 3 N5 En face la poste Drissia, Tanger 90070, Morocco",+212 5399-52498,www.facebook.com,2023,0.579s
Centre Dentaire Sonrisa/ Dr Sana HAMIDI,"1er etage, appt 8, Centre Dentaire Sonrisa, rue Hariri, residence Riad, Tanger 90000, Morocco",+212 531-191025,orthodontiste-tanger.com,null,1.421s
Dr. El Mestari Zakaria - Chirurgien Dentiste Tanger,"appart 20, Avenue Abderrahman el youssefi , immeuble almostapha, Tanger 90000, Morocco",+212 5393-76315,NONE,undefined,undefined
Dr. Mohamed Jrondi,"41 Bd Pasteur, Tanger 90000, Morocco",+212 5399-34667,NONE,undefined,undefined
Centre dentaire du nord - Dr Bennani / Dr Bounasse,"69 Avenue de Fes 2e étage (En face de Tanger Mall, 90000, Morocco",+212 5393-43346,NONE,undefined,undefined
Dr Majd Zade (dentiste tanger : طبيب أسنان طنجة),"8C7PQ52C+G7, Tanger 90090, Morocco",+212 774-767832,www.dentisttanger.com,null,0.88s
Clinique Dentaire Al Fihri,"Q5HP+HRV, Rue Mohamed Abdou،, Tanger, Morocco",+212 660-000856,NONE,undefined,undefined
Dr Safae El Hajjaji,"Av. Anfa, Tanger 90060, Morocco",+212 5393-36117,NONE,undefined,undefined
centre médico-dentaire tanger,"Rue du Liban, résidence Lina, appt 42, 3ème étage (Nejma, Tangier 90000, Morocco",+212 5399-46574,centre-medico-dentaire-tanger.business.site,null,0.274s
Docteur Chirurgien Dentiste El Hadri Oumaima,"8 Avenue Imam ghazali, Tanger 90000, Morocco",+212 5393-24477,NONE,undefined,undefined
Chirurgien Dentiste Dr Assous abdellah,"30. Avenue moulay youssef Res nakhil 2em etage n 7, Tangier, Morocco",+212 5393-25652,NONE,undefined,undefined
Docteur El Idrissi Alae,"Q5HQ+2HH, Rue Allal Ben Abdellah, Tanger 90000, Morocco",+212 5399-37488,NONE,undefined,undefined
Cabinet de pédodontie Dr.Soussia soumaya,"Rue abi hassan chadili résidence hanae n°2, Tanger 90000, Morocco",+212 5399-42081,cabinet-de-pedodontie-drsoussia.business.site,null,0.27s
Docteur Chirurgien Dentiste Akalai Nesrin (Cabinet),"Q58G+MFX, Tanger 90060, Morocco",+212 5393-17762,NONE,undefined,undefined
Centre Dentaire Amrani -tanger (dr Hanchi amrani rajae),"1ere étage numéro 1, Avenue al Arabia saoudia-lot laayoun lot 25, Tanger, Morocco",+212 664-649658,centre-dentaire-amrani-tanger-dr-hanchi-amrani-rajae.business.site,null,0.316s
Al andalous centre dentaire,"2°Ét. Appt. 8, Av Hafid Ibn Abdelbare, Résid. Andalous Inzarene, Tanger 90000, Morocco",+212 5393-24437,NONE,undefined,undefined
Dr. KADIRI SARA,"appt 8, 29, Rue el Mansour Eddahabi 2 éme étage, Tanger, Morocco",+212 5393-25683,www.facebook.com,2023,0.281s
Cabinet dentaire Dr. El Matoui Soukaina,"karima 190, étage 4 n° 4, en face hotel, Av. Arabie Saoudite, Tanger 90000, Morocco",+212 5393-15116,NONE,undefined,undefined
Digidental Drissi - Dr. Drissi,"Place des Nations, Edifice Coficom, Tangier 90000, Morocco",+212 5393-42956,www.dentiste-tanger.com,2015,2.038s
Goudrar Madani Dentist,"Drissia, Tanger, 38 Av. Tariq Ibn Ziad, Tanger 90000, Morocco",+212 5393-50025,NONE,undefined,undefined
"Cabinet de pédodontie Dr.Hachimi Yassmine(Pédodontie Tanger,dentiste pediatrique,dentiste pour enfant Tanger,pédiatre tanger)","rue de fès immeuble n 33 2eme étage, Tanger 90000, Morocco",+212 5393-71204,drhachimiyassmine.com,2022,0.782s
Alouat Hanane (Dentiste),"3°Étg. Appt. 8, 5 Av. de la résistance, Tanger 90000, Morocco",+212 5393-42886,NONE,undefined,undefined
Cabinet dentaire Dr. Sara NAIM,"1er étage, près du rond-point Trial Atlas, 6 Av. des Lauriers, Tanger 90000, Morocco",+212 5394-28300,NONE,undefined,undefined
Drissi Kamili Mohammed (Dentiste),"Place Des Nation, Resid. Coficom Entree 6 Appt. N Tanger, Tanger-Tétouan, Tanger 90000, Morocco",+212 5393-42956,NONE,undefined,undefined
Dr. Benchekroun Tarek,"1er Etage, 14 Avenue Driss I, Tanger 90060, Morocco",+212 616-481637,instagram.com,null,0.715s
Dahdouh Mostafa (Dentiste),"57, Rue De Holland, Résid. Touria, 2°Ét. N°1, Tanger 90000, Morocco",+212 5393-32525,NONE,undefined,undefined
Cabinet Dentaire - Dr. Machmachi,"ET.2 Apt.3, 3 Rue de Fès, Tanger 90000, Morocco",+212 5393-18130,NONE,undefined,undefined
Dr lachhabi hind,"Av. Arabie Saoudite, Tanger 90060, Morocco",+212 5394-23882,NONE,undefined,undefined
Centre dentaire PERLA - Dr Amina Laghnane,"Avenue prince héritier, immeuble 16, N 3, Tanger 90000, Morocco",+212 5393-33234,NONE,undefined,undefined
Elftouh Mariam (Médecin Dentiste),"3°Ét. N°37, Imm. Alfath, 50 B Av. Moulay Youssef, Tanger 90000, Morocco",+212 5399-42483,NONE,undefined,undefined
Dr Ayda KHALLOU,"2eme étage، 159 Av. d'Angleterre, Tangier 90000, Morocco",+212 5393-72072,l.facebook.com,2023,0.402s
Dr. Ben Azaiz Mohammed,"à coté de l'école américaine، Radiance dental center, Av. Haroun Er Rachid, Tangier 90000, Morocco",+212 5393-36899,centredentairetanger.com,2023,4.625s
Docteur Chirurgien Dentiste Ismaili Saida,"68 Av. Sidi Mohamed Ben Abdellah, Tanger 90000, Morocco",+212 5399-37586,NONE,undefined,undefined
Centre Dentaire Walili - Dr. Ismaail Talmenssour,"49 Boulevard Moulay Ismail, Résidence Volubilis A, 1er étage, No. 38, Tangier 90000, Morocco",+212 663-490661,www.tanger-dentiste.com,2023,1.779s
Cabinet Dentaire Dr Ouafae Mouhib,"LOT COLLEGIO INTERNADO N° 104 2éme ETAGE APPT 4, Tanger, Morocco",+212 80-8610530,NONE,undefined,undefined
Dr. Karim Sefiani,"18 Rue Ibn Zaidoun, Tangier 90040, Morocco",+212 5393-34808,www.sefiani-smilecenter.com,null,0.56s
Docteur Chirurgien Dentiste Abadi Mohcine (Cabinet),"P5WV+88W, Rue Fes, Tanger 90000, Morocco",NONE,NONE,undefined,undefined
Docteur Chirurgien Dentiste Zentari Abdesselam (Cabinet),"16 Avenue Ppale, Tanger 90000, Morocco",+212 5393-60060,NONE,undefined,undefined
Chahboun Ahmad (Dentiste),"Av. Moulay Slimane, Tanger 90000, Morocco",+212 5393-51354,NONE,undefined,undefined
Dr Lhadbi Lalla Hassania Dentiste Tanger,"Tangier 90060, Morocco",+212 699-428083,NONE,undefined,undefined
Dentist orthodontiste Dr bouchikhi safae,"angle boulevard pasteur , rue prince moulay Abdellah imm Sarah tanger, Tangier 90000, Morocco",+212 661-491902,NONE,undefined,undefined
Docteur Oubidar Naima,"6 Avenue La Marche Verte, Tanger 90000, Morocco",+212 5393-43420,NONE,undefined,undefined
Cabinet Dentaire Dr. ELKHATTABI Ouijdane,"Imm 166, Etage 1, App 2, Complexe Hassani, Avenue Al wahda, Tanger 90000, Morocco",+212 5394-33921,NONE,undefined,undefined
Dr Taleb Abdelilah,"72 Av. Martyr Abdeslam Ben Bouhout, Tanger 90060, Morocco",+212 531-320030,www.doctortaleb.com,2022,4.911s
Hicham Saloua (Orthodontiste),"42 Rue Ibn Toumert, Tanger 90000, Morocco",+212 5393-40858,NONE,undefined,undefined
Cabinet Farah El Khamlichi,"Rue de Russie, Tanger, Morocco",+212 5393-73735,NONE,undefined,undefined
Elgambouri Fadoua (Dentiste),"2, Bd. Mohamed V Ang. Rue Zerktouni Résid. Diamant Bleu, 1°Étg. Appt. 7, Tanger, Tanger 90000, Morocco",+212 5399-41781,NONE,undefined,undefined
Centre Dentaire Dr Achraf Khadiri,"47 Av. Hassan II, Tanger 90030, Morocco",+212 5399-49372,dentistetanger.com,2023,1.717s
"Pediatric Dental Center of Tangier-Dr.ASSOUL Fatima Zahra(pédodontiste Tanger,dentiste pédiatrique Tanger,enfant Tanger)","EN FACE DE SUPERMARCHE SABRINE, 16 IMM. NECTAR, 148 Ave Mohammed V, Tanger 90000, Morocco",+212 5393-24096,NONE,undefined,undefined
Lahlou Abdellah (Dentiste),"Q58G+M7J Resid. Ferdous Souani Ii, Av. Atlas, Tanger 90000, Morocco",+212 5393-14566,NONE,undefined,undefined
Dentiste - Dr Zine El Abidine Rachid,"N°12 , 2éme Etage N°74, Av. Fayçal Ibn Abdelaziz, Tangier, Morocco",+212 5393-80381,NONE,undefined,undefined
Clinique Dentaire Détroit,"Office Building, 13 Angle rue Fés et rue Ibn Toufail, Tangier 90002, Morocco",+212 5399-47225,NONE,undefined,undefined
CLINIC DENTAIRE NIETO,"1ER ETAGE, RESIDENCE AL FERDAOUS, N4 Av. Marrakech, Tanger 90000, Morocco",+212 5393-62053,NONE,undefined,undefined
Cabinet dentaire Dr. Ismail A.,"étage 1, Sidi Driss, Beni Said, 786, Tanger, Morocco",+212 5394-25097,NONE,undefined,undefined
Dr. Nidal Haissen,"3ème étage N.15, Boulevard Mohamed V, Immeuble N.17, Tanger 90000, Morocco",+212 677-002047,NONE,undefined,undefined
Bennouna Mohammed Said (Dentiste),"Detroit Hitech, Ave Mohammed V, Tangier 90000, Morocco",+212 5399-40764,NONE,undefined,undefined
Docteur Laghmari Linda,"Q569+9W8, Rsd Dosmares Angle Med V Et Rue Ibn Katir La Plage, Tanger, Tanger 90000, Morocco",+212 5393-21319,NONE,undefined,undefined
Centre dentaire Akeir,"résidence ibrahim, Av. Moulay Rachid, Tanger 90000, Morocco",+212 5393-84849,NONE,undefined,undefined
Dr lakzabri anass,"3 av florencia, Tangier 90000, Morocco",+212 697-760905,NONE,undefined,undefined
Cabinet Dentaire Al Majd عيادة طب الأسنان المجد Dr HANNAOUI RANIA MEDECIN DENTISTE TANGER,"1er etage, lot Al Majd, N° 113 Av. Al Qods, Tanger 90060, Morocco",+212 5393-67535,NONE,undefined,undefined
Cabinet dentaire Dr Dardar Karim,"Lot . Corbo 45 ETAGE 1 app 2, Tanger 90000, Morocco",+212 80-8566317,NONE,undefined,undefined
Chfir Asmaa (Dentiste),"Bd. Mohamed Ben Seddik, 1°Ét. Appt. 3 Bendibane, Tanger 90000, Morocco",+212 5399-59955,NONE,undefined,undefined
Dr. Alami Jamal Dine,"Q5HM+XM7, Rue du Mexique, Tanger, Morocco",+212 5399-30312,NONE,undefined,undefined
Illoul Miloudi (Dentiste),"Av Faiçal Ben Abdelaziz, Souani 5 N°33, Tanger, Tanger 90000, Morocco",+212 5393-17506,NONE,undefined,undefined
Dr. Boudaoudi Mariam,"42 Av. Sidi Mohamed Ben Abdellah, Tanger 90000, Morocco",+212 5393-70297,NONE,undefined,undefined
Docteur Chirurgien Dentiste Ouardane Noureddine (Cabinet),"127 Av. Hafid Ibn Abdelbar, Tanger 90060, Morocco",+212 5399-37184,NONE,undefined,undefined
Dr Khaoula El Biyadi | Dent Lounge (Dentiste/Orthodontiste),"1er étage, N°8, 121, Rés.Daoudia, Rés.Malak, Tanger 90080, Morocco",+212 654-769072,instagram.com,null,0.47s
Dr Khaoula El Biyadi | Dent Lounge (Dentiste/Orthodontiste),"1er étage, N°8, 121, Rés.Daoudia, Rés.Malak, Tanger 90080, Morocco",+212 654-769072,instagram.com,null,0.427s
Ben Ayad Taoufik (Dentiste),"11, Av Yaacoub Elmansour, 1°Ét., Tanger 90000, Morocco",+212 5399-41550,NONE,undefined,undefined
DR. Chekli Wafaa,"8 Rue Ibn Toumert, Tanger 90000, Morocco",+212 5399-44020,NONE,undefined,undefined
Beethoven Dental Center - Dr. Nassiba FATENE,"1er étage N°6, 22 bis angle rue Beethoven et rue Jordanie, zouine center, Tanger 90000, Morocco",+212 5399-40738,NONE,undefined,undefined
Dr. Sami Benmimoun,"1°Ét., 90000, 2 Av. Prince Héritier, Tanger 90000, Morocco",+212 5399-31659,NONE,undefined,undefined
Centre Dentaire pluridisciplinaire Dr Nada Abdouttalib,"ètage 4 appartement 8, Place Mozart , 21 rue ibn marhal rèsidence Saada, Tanger 90000, Morocco",+212 5399-42864,NONE,undefined,undefined
Dr Hachi Sanae,"29 Av. Youssef Ibn Tachfine, Tanger, Morocco",+212 5393-42452,NONE,undefined,undefined
Farah Moumen (Dentiste),"Bd. Mly. Ismail, Résid.Oussama Bloc B Appt. N° 4, Tanger, Tanger 90000, Morocco",+212 5399-53394,NONE,undefined,undefined
Hlali Anasse,"91 شارع محمد الخامس،, Tanger, Morocco",+212 5393-40983,NONE,undefined,undefined
Centre dentaire ibtissama/ dr Khalil boudrika-dr hajar eljaouhari,"86 Ave Mohammed V, Tangier, Morocco",+212 5399-41052,NONE,undefined,undefined
Bikjdaouene Khalid (Dentiste),"Haoumate Drawa, Rte. Aouama N°33, Tanger 90000, Morocco",+212 5399-56853,NONE,undefined,undefined
CABINET DENTAIRE DR.BENMESSAOUD SAAD,"1er étage, n 96, Avenue Youssef Ibn Tachafine Résidence Yamna, Tanger 90000, Morocco",+212 5399-46075,NONE,undefined,undefined
Centre Dentaire Chellah,"1er étage, Chellah Office Center, 31 Rue Allal Ben Abdellah, Tanger, Morocco",+212 80-8530889,centre-dentaire-chellah.business.site,null,0.269s
Cabinet Dentaire Albadr - عيادة البدر لطب وجراحة الأسنان (الدكتور بدر أقيور) Dr. Badr Akiour عيادة طب أسنان طنجة,"اليوسفي قبالة, Avenue Abderrahmane El Youssoufi الثانوية التأهيلية الرازي (طبيب جراح للأسنان, شارع عبد الرحمن, Tangier 90060, Morocco",+212 5393-22668,www.facebook.com,2023,0.237s
Centre dentaire Nawras Dr. Teach Nisrine,"Av. Yasmine, Tanger, Morocco",+212 5393-81816,NONE,undefined,undefined
Elboukhari Elkhamlichi Farah (Orthodontiste),"7, Rue De Russie, Résid. Almanzah 2°Ét. N°6, Tanger, Tanger 90000, Morocco",+212 5393-73735,NONE,undefined,undefined
Dr.Taoufik El hassani,"imm.43, 4 Av. Fayçal Ibn Abdelaziz, Tanger 90600, Morocco",+212 5394-30345,NONE,undefined,undefined
Centre dentaire drissia,"2 rue 82 belle vue , drissia, Tanger 90070, Morocco",+212 5393-56606,NONE,undefined,undefined
Docteur Chirurgien Dentiste Moatassime Oudades (Cabinet),"12 Rue Abi Dardae Administratif, Tanger 90000, Morocco",+212 5393-43807,NONE,undefined,undefined
Benaroum Youssef (Prothésiste),"Rte. Sidi Driss, Hay Beni Ouiriaghel N° 146, Tanger 90000, Morocco",+212 672-185183,NONE,undefined,undefined
Cabinet Dentaire Enfants et Femmes,"1er étage n 5, résidence atajmil, Place des Nations, 15 Rue Abi Dardae, Tangier, Morocco",+212 5393-23110,NONE,undefined,undefined
Cabinet dentaire Hay el Jirari,"Avenue Aicha moussafir 72, Tanger 90060, Morocco",NONE,NONE,undefined,undefined
Dahdouh Amina (Prothésiste),"Q5F9+3XG, Av. Moulay Rachid, Tanger 90000, Morocco",+212 5393-15465,NONE,undefined,undefined
Dr Benabdellah Imane,"46 Rue Gibraltar Administratif, Tanger, Tanger 90000, Morocco",+212 650-310330,NONE,undefined,undefined
clinique Bellamine Smile,"residence Borj detroit, Rue Sijilmasa, Tanger 90000, Morocco",+212 5399-42624,NONE,undefined,undefined
Cabinet Dr Rajae Sounni,"3°ét. n°12, 19 Bis Av. Omar Ibn Al Khattab, Tanger 90000, Morocco",+212 5393-42887,NONE,undefined,undefined
Docteur Chirurgien Dentiste Menebhi Souad (Cabinet),"7 Rue Uruguay M'Sallah, Tanger 90000, Morocco",+212 5399-39991,NONE,undefined,undefined
Tanger Dental Clinic Dr.Natalia Ivanova- Filler | Implants | Botox | Hollywood smile | Veneers | Blanchiment dentaire | Ortho,"3ème étage, Bureau n°9, 35 Bd Pasteur, Tanger 90000, Morocco",+212 5393-20563,NONE,undefined,undefined
El Iraki Rachid (Laboratoire Dentaire El Iraki),"9 Rue Uruguay M'Sallah, Tanger, Tanger 90000, Morocco",+212 5399-32459,NONE,undefined,undefined
Dentiste Tanger,"Tangier 90050, Morocco",+212 5393-15502,NONE,undefined,undefined
Docteur el bouchikhi souhayla orthodontiste,"42 Rue de Fès, Tanger 90010, Morocco",+212 5393-72037,NONE,undefined,undefined
Chirurgien dentiste Dr. Amina Benzekri,"Q5JQ+7XQ, Avenue, Amr IBN AL ASS, Tanger, Morocco",+212 531-012212,ledentiste.ma,null,failed
Elamrani Nouzha (Dentiste),"10, Av. Elwahda N°4, Tetouan, Tanger-Tétouan, Tanger 90000, Morocco",+212 656-764354,NONE,undefined,undefined
Cabinet Dentaire Dr. Abdelmajid ELMADANI,"Complexe Résidentiel Badriyene Bloc4 Appt9 Geznaya, Tanger 90100, Morocco",+212 5393-90093,NONE,undefined,undefined
Laboratoire Dental Hakra Hassan,"P5W6+PFJ, Av. Arabie Saoudite, Tanger 90060, Morocco",+212 5393-80295,NONE,undefined,undefined
WHITY DENTAL CENTER -Dr YOUSSEF HANI,"Quartier Drissia, 93 Av. Tariq Ibn Ziad, Tanger 90000, Morocco",+212 5399-54429,NONE,undefined,undefined
Docteur Chirurgien Dentiste M'Rabet Fouad (Cabinet),"149 Boulevard Mohamed V Administratif, Tanger 90000, Morocco",+212 5393-40753,NONE,undefined,undefined
Centre Dentaire Al Yousr,"Rue N°5، Tanger 90060, Morocco",+212 639-725428,NONE,undefined,undefined
Cabinet dentaire Dr LEFQIH LAMIAA,"Rue Gibraltar, Tanger 90001, Morocco",+212 5393-43422,NONE,undefined,undefined
Docteur Chirurgien Dentiste Youdri Mohammed Amine (Cabinet),"Nejma، Rue du Liban, résidence Lina, Appt 42, 3ème étage, Tangier 90000, Morocco",+212 5399-46574,NONE,undefined,undefined
Docteur Chirurgien Dentiste Youdri Mohammed Amine (Cabinet),"Nejma، Rue du Liban, résidence Lina, Appt 42, 3ème étage, Tangier 90000, Morocco",+212 5399-46574,NONE,undefined,undefined
Dr. Mouataz Azmani,"1er étage numéro 2, 64 Av. Prince Héritier, Tanger 90000, Morocco",+212 5399-39645,NONE,undefined,undefined
Cabinet Dentaire,"Av. Arabie Saoudite, Tanger, Morocco",+212 5393-82382,cabinet-dentaire-dr-gdani.com,2022,0.348s
Smile benkhaldoun souani,"n 42, Bv, rue 89 Av. Anfa, Tanger, Morocco",NONE,NONE,undefined,undefined
International dental clinic tangier,"Av. Imam Ibn Taymya, Tanger 90060, Morocco",+212 5393-43435,NONE,undefined,undefined
Diaa Hassan,"2ème étage, 29, Angle Rue de Fes et, Rue Mohamed Abdou، Tanger 90000, Morocco",+212 5399-35598,NONE,undefined,undefined
Dentiste Cnops,"Q5GH+WW5, Tanger, Morocco",+212 5393-31045,NONE,undefined,undefined
Dr. Khadija Bakali,"Inspection de l'Habitat, Rue Ibn Toumert, Tanger 90060, Morocco",+212 5393-40858,NONE,undefined,undefined
Dr Guessous hind,"Av. Martyr El Alami Taghzouti, Tanger 90060, Morocco",+212 5393-88959,NONE,undefined,undefined
Houti Mohamed (Prothésiste),"Q5PR+M4R, Rue Beni Arross, Tanger 90000, Morocco",+212 666-657727,NONE,undefined,undefined
Bechdadi Nour-Eddine (Dentiste),"Q54P+9PV, Rue, Tanger 90000, Morocco",+212 5395-00600,NONE,undefined,undefined
Centre Dentaire El Haddad,"1er étage n 25, 35 avenue El Mansour Eddahabi, Tanger 90000, Morocco",+212 5393-25717,NONE,undefined,undefined
Dr. Zahi Azeddine,"Tangier, Morocco",+212 5394-00956,NONE,undefined,undefined
Cabinet esthedent,"N106, Appt2, 1er etage, Av. Ben Abi Zaraa, Tanger 90000, Morocco",+212 5393-86341,NONE,undefined,undefined
Docteur Orthodontiste Ibn Abdeljalil Abdeslam,"Angle rue Ibn darar et omar el, Av. Omar Ibn Al Khattab, Tanger 90000, Morocco",+212 5399-40442,NONE,undefined,undefined
"Dr Krachi Youssef, cabinet dentaire","45, Av Mohammed V, Appt 15 (En face Bank Al Maghrib, Tanger 90000, Morocco",+212 5393-64141,NONE,undefined,undefined
Docteur Chirurgien Dentiste Ihsane Zouaoui,"134 Av. Haroun Er Rachid, Tanger 90060, Morocco",+212 5399-35080,NONE,undefined,undefined
Chaïri Houri Mohamed (Prothésiste),"20, Rue Emsallah, Tanger 90000, Morocco",+212 5399-33506,NONE,undefined,undefined
Centre Dentaire Benjelloun,"14, Avenue Sidi Amar, rue Ibn Bajja, Tangier 90000, Morocco",+212 5393-42521,NONE,undefined,undefined
Laboratoire dentaire Awama مختبر الأسنان العوامة,"Awama Souk alhanae, Tanger 90000, Morocco",+212 701-193661,NONE,undefined,undefined
Dr. Anibar Ali,"AlQods Lot, 135 Rue Sour, Tanger 90000, Morocco",NONE,NONE,undefined,undefined
Multidisciplinary Dental Center Two Smiles,"5ème Etage, 27, N° 52 Ave Mohammed V, Tangier 90000, Morocco",+212 531-022130,NONE,undefined,undefined
Docteur Chirurgien Dentiste Setti Hind,"39 Rue du Mexique, Tanger, Morocco",+212 5399-37316,NONE,undefined,undefined
Dr. Hamdoun El Mehdi,"18 Rue de Four, Tanger, Morocco",+212 5234-96447,NONE,undefined,undefined
Akebli Youness,"P6V2+CG3, Tanger 90060, Morocco",NONE,NONE,undefined,undefined
Cabinet dentaire,"P4M8+FPR, Tanger, Morocco",+212 717-339295,NONE,undefined,undefined
CENTRE DENTAIRE KHALOUFI OMAR,"Q545+G7Q En Face De La Prison Municipale De, Avenue Moulay Rachid, Rue, Tanger, Morocco",+212 531-550009,NONE,undefined,undefined
Cabinet dentaire Dr.Latifa MRABTI,"116 Av. Imam Mouslim, Tanger 90040, Morocco",+212 5393-71011,NONE,undefined,undefined
Dr. Tadili Fayçal,"En face de l’école Aboubaker Allamtouni (Achenad, 1er étage Immeuble 82 lotissement Riad, Tanger 90000, Morocco",+212 5394-24042,NONE,undefined,undefined
Cabinet Dentaire Dr. Eguine Aroutunian,"Angle Avenue Sidi Mohamed Ben Abdellah et Rue Gutenberg Tanger Etg 2 Appt N° B1, Tangier 90000, Morocco",+212 5393-33109,cabinet-dentaire-dr-eguine-aroutunian.business.site,null,0.4s
Centre Dentaire Assalam : Dr Razzak Achouak,"1er Etage, Boulevard Assalam , Imm 10 Appt 4, Tanger 90000, Morocco",+212 5393-24702,centredentairetanger.ma,2023,2.249s
Dr. Loubna Traiba Filali,"Q55F+GQ8, Tanger 90060, Morocco",+212 5393-13108,www.facebook.com,2023,0.285s
الدكتورة هند جسوس,"Q53C+JPX, P4605, Tanger 90060, Morocco",+212 5393-88959,NONE,undefined,undefined
Platinum Dental Center -Dr Torres Aymane,"Av. Moulay Ismail, Tanger 90060, Morocco",+212 640-999753,NONE,undefined,undefined
chirurgien Dentiste Mohamed FETHI,"res yassmine, Appt 8 1er étage, 20 Rue Allal Ben Abdellah, Tanger, Morocco",+212 5393-20381,NONE,undefined,undefined
Centro Estético Dental Dr. Oussama,"Rue Ibn Toumart, Al Ors 23, etage 8 app 1, Tanger 90000, Morocco",+212 5399-42878,centro-esteticodental-dr-oussama.negocio.site,null,0.351s
Dr Siraj msaouri chlilak ( centre dentaire zemzem),"rue oued eddahab 75 résidence zemzem 1er étage appartement numéro 19, Tanger, Morocco",+212 5399-40042,NONE,undefined,undefined
Perfect Smile,"2ème étage, 2, Rue MAARAKAT OUAD ZAM, Drissia 2, Tanger 90000, Morocco",+212 5393-66227,www.facebook.com,2023,0.3s
Cabinet dentaire Dr. Debboun Jaouad,"2ème etg, residence Accacias B, Angle rue accacias et, Av. Moulay Ismail, Tangier, Morocco",+212 666-972702,NONE,undefined,undefined
Dentiste Loubna EL OMARI,"76 avenue principale, Tanger 90000, Morocco",+212 5393-00400,NONE,undefined,undefined
Centre dentaire CHOUMI,"2. 1er étage, Av. Fatima Zahra, Tanger 90000, Morocco",+212 660-400920,NONE,undefined,undefined
Laboratoire Dentaire,"Tangier, Morocco",+212 630-664409,NONE,undefined,undefined
Docteur Chirurgien Dentiste Tifrit Ferdaous,"Q55W+JWG, Tarik Ibn Ziad, Tangier 90000, Morocco",+212 5393-51246,NONE,undefined,undefined
Docteur Omary Hassan,"39 Rue du Mexique, Tanger, Morocco",+212 5399-33342,NONE,undefined,undefined
Hinnach Jamal (Dentiste),"Rue Kénitra, Imm. Alboustane El Jamil, 15400 Tiflet, Tanger 90000, Morocco",+212 5375-12016,NONE,undefined,undefined
Bouhassoune (Rajae Hayat),"résidence Dounia, 40 Ave Mohammed V, Tangier 90000, Morocco",+212 5399-41561,NONE,undefined,undefined
صانع الأسنان عبد السلام الحجامي,"Q54X+43G, Av. Fatima Zahra, Tanger 90060, Morocco",NONE,NONE,undefined,undefined
مختبر الاسنان حسني,"Q43R+GH3, Unnamed Road, Tanger, Morocco",NONE,NONE,undefined,undefined
Centre Dentaire Pluridisciplinaire Mozart,"App6 Résidence Ibn Aïcha place Mozart, Tanger 90000, Morocco",+212 5399-46108,NONE,undefined,undefined
CENTRE DENTAIRE PLACE IBERIA - DR MARIAM CHARI,"2 Pl. du Koweit, Tanger 90000, Morocco",+212 5393-34848,NONE,undefined,undefined
Dr MOUHAND,"1 étage APT 1, N° 159 Rue Ibn Ardoun, Tangier 90060, Morocco",+212 5393-13459,NONE,undefined,undefined
Elbardouni Otman (Dentiste),"Av. Yakoub Elmansour Appt. 1, Tetouan, Tanger-Tétouan, Tanger 90000, Morocco",+212 5399-62903,NONE,undefined,undefined
Cabinet Dentaire Dr Smahane OUDASSI,"N°180 Av. Moulay Slimane, Tanger 90060, Morocco",+212 5393-51286,NONE,undefined,undefined
Lahcen Mousaif chirurgien dentiste طبيب جراح للأسنان,"121 Av. Ibn Ardoune, Tanger 90060, Morocco",+212 534-453917,web.facebook.com,2023,0.265s
Dr El hassani Anas (Dental clinic Anfa),NONE,+212 5393-75264,NONE,undefined,undefined
centre dentaire le boulevard,"24 Av. Prince Moulay Abdellah, Tanger, Morocco",+212 5393-32592,centre-dentaire-le-boulevard.business.site,null,0.314s
Dentiste d.rafik,"157 Av. Aicha Moussafer, Tanger 90060, Morocco",NONE,NONE,undefined,undefined
Docteur Chirurgien Dentiste Bachir Tarfasse (Cabinet),"167 Rue Moussa Ben Noussair, Tangier, Morocco",+212 5399-39856,NONE,undefined,undefined
Centre Dentaire BENBACHIR,"78 Av. Al Qods, Tanger 90060, Morocco",+212 663-636854,NONE,undefined,undefined
Cabinet Dentaire Dr El Galiou Ahmed,"Q5CP+FCX, Av. Moulay Youssef, Tanger 90060, Morocco",+212 5393-20347,NONE,undefined,undefined
Centre dentaire tahri-Dr TAHRI EL MAMOUN,"3ème etg, centre commercial mabrouk, 77, N°3 Rue de Fès, Tangier 90060, Morocco",+212 5399-44970,NONE,undefined,undefined
Dr. Said Machmachi,"3 Rue de Fès, Tanger 90000, Morocco",NONE,NONE,undefined,undefined
Centre dentaire et d'implantologie legter,"تجزئة حمزة 1 شارع المملكة العربية السعودية (شارع, Tanger 90090, Morocco",+212 5394-33444,www.instagram.com,null,0.278s
Laboratoire dentaire Talbi,"Rte Mesnana, Tanger 90000, Morocco",+212 609-707918,NONE,undefined,undefined
Tanger Dental Center,"PLACE MOULAY ABDELAZIZ RES ENNASR 4 ETAGE APT 15, Tangier 90000, Morocco",+212 662-806460,www.tangerdentalcenter.net,2021,0.398s
Centre Dentaire Medina,"شارع الحسن الاول اقامة نجاة رقم 4 طابق 2 شقة 17, Tangier 90000, Morocco",+212 669-100235,m.facebook.com,2023,0.269s
Dr Akram El Maslouhi,"Q655+C3G, Tanger, Morocco",+212 5393-64627,NONE,undefined,undefined
"Cabinet Dentaire, Dr Chirurgien Loubna EL GHALOUSSI, Tanger","2ème étage, Appt N°4, N°63 Rue de Hollande, Tanger 90000, Morocco",+212 5393-30458,NONE,undefined,undefined
Cabinet du Dr. Filali Wahbi Asmaa - عيادة د. فيلالي وهبي أسماء,"Q5CM+JV4, Av. Bir Anzarane, Tanger 90060, Morocco",+212 5393-22765,NONE,undefined,undefined
Clinique Dentaire,"P4QG+QM5, Tanger, Morocco",+212 5393-93017,NONE,undefined,undefined
Docteur Tanger,NONE,+212 643-655234,NONE,undefined,undefined
Cabinet dentaire,"3 Rue de Fès, Tanger 90000, Morocco",NONE,NONE,undefined,undefined
les produits cosmétiques,"RSD AL IKHLAS BLOC 17 IMM 106 ETAGE 02 N° 11, Rte de Tetouan, Tanger 90000, Morocco",+212 707-582777,NONE,undefined,undefined
Centre Dentaire,"P5WR+PJC, Tanger 90060, Morocco",+212 660-623681,NONE,undefined,undefined
Clinique Dentaire Detroit HB,"13، OFFICE BUILDING، ANGLE RUE FÉS ET IBN TOUFAIL, Tanger, Morocco",+212 5393-33163,NONE,undefined,undefined
Cabinet D'orthodontie Alaoui Tanger,"appt 19، Rue Jebha Al ouatania resd Al Hanae, Tangier 90000, Morocco",+212 5393-32023,orthodontiealaouitanger.com,null,2.073s
Clinique Dentaire Abadi,"imm 65, de App 52, 1ère étage, Ave Al Majd, Fès, Morocco",+212 5399-43658,www.clinique-dentaire-abadi.com,null,1.826s
Estheticaplus,"Av. Omar Ibn Al Khattab, Tanger 90000, Morocco",+212 708-024676,www.estheticaplus.com,2023,3.58s
Centre dentaire El azzaoui,"Bd mohamed 5 , rue caid ahmed Rifi , imm boulaiche , etage 1, appt 1, Tangier 90000, Morocco",+212 5399-42627,NONE,undefined,undefined
centre dentaire almoujahidine,"Q582+RWW, Tanger 90000, Morocco",+212 5393-08221,www.instagram.com,null,0.685s